{
  "users": {},
  "groups": {
    "120363417634322192@g.us": {
      "antilink": false,
      "antilink2": false
    },
    "120363397517585734@g.us": {
      "antilink": false,
      "antilink2": false
    },
    "120363401742593255@g.us": {
      "antilink": false,
      "antilink2": false
    },
    "120363418956685189@g.us": {
      "antilink": false,
      "antilink2": false
    },
    "120363400398937039@g.us": {
      "antilink": false,
      "antilink2": false
    },
    "120363418917419629@g.us": {
      "antilink": false,
      "antilink2": false
    },
    "120363373122930910@g.us": {
      "antilink": false,
      "antilink2": false
    },
    "120363363503948191@g.us": {
      "antilink": false,
      "antilink2": false
    },
    "120363404884655150@g.us": {
      "antilink": false,
      "antilink2": false
    },
    "120363403867614780@g.us": {
      "antilink": false,
      "antilink2": false
    },
    "120363374881853227@g.us": {
      "antilink": false,
      "antilink2": false
    }
  },
  "database": {},
  "settings": {}
}